Id,Nombre,Genero,Anio
1,Mirror,Drama,2009
2,Andy Trouble,Comedy,1998
3,Ten Shrews,Comedy,1985
4,From Within,Thriller,2000
5,Love Afternoon,Drama,1997
6,Alexander,Drama,1990
7,Private Function,Comedy,2006
8,Somebody,Drama,1996
9,Jane Manhattan,Drama,2003
10,Alien Raiders,Thriller,1998
11,God Bless Ozzy,Documentary,1992
12,Puppet Master 5,Horror,2006
13,Doc of the Dead,Documentary,2007
14,Jonssonligan,Comedy,2003
15,Law Of Desire,Comedy,1971
16,Glenn Killing,Comedy,2006
17,Hulk Vs,Animation,2004
18,Dirty,Crime,1973
19,Spite Marriage,Comedy,2009
20,Hard Sun,Romance,2010
